{
  "hash": "d34b0e40",
  "configHash": "774b985e",
  "lockfileHash": "18646aa9",
  "browserHash": "c4135e95",
  "optimized": {
    "@angular/common": {
      "src": "../../../../../../node_modules/@angular/common/fesm2022/common.mjs",
      "file": "@angular_common.js",
      "fileHash": "becdf5c5",
      "needsInterop": false
    },
    "@angular/common/http": {
      "src": "../../../../../../node_modules/@angular/common/fesm2022/http.mjs",
      "file": "@angular_common_http.js",
      "fileHash": "16a55721",
      "needsInterop": false
    },
    "@angular/core": {
      "src": "../../../../../../node_modules/@angular/core/fesm2022/core.mjs",
      "file": "@angular_core.js",
      "fileHash": "8d5990eb",
      "needsInterop": false
    },
    "@angular/forms": {
      "src": "../../../../../../node_modules/@angular/forms/fesm2022/forms.mjs",
      "file": "@angular_forms.js",
      "fileHash": "20b5e83a",
      "needsInterop": false
    },
    "@angular/platform-browser": {
      "src": "../../../../../../node_modules/@angular/platform-browser/fesm2022/platform-browser.mjs",
      "file": "@angular_platform-browser.js",
      "fileHash": "ba2f0f19",
      "needsInterop": false
    },
    "@angular/router": {
      "src": "../../../../../../node_modules/@angular/router/fesm2022/router.mjs",
      "file": "@angular_router.js",
      "fileHash": "cf0e4b8d",
      "needsInterop": false
    },
    "rxjs": {
      "src": "../../../../../../node_modules/rxjs/dist/esm5/index.js",
      "file": "rxjs.js",
      "fileHash": "c5134710",
      "needsInterop": false
    }
  },
  "chunks": {
    "chunk-JUUM2L6A": {
      "file": "chunk-JUUM2L6A.js"
    },
    "chunk-EABPMJNA": {
      "file": "chunk-EABPMJNA.js"
    },
    "chunk-354KROLL": {
      "file": "chunk-354KROLL.js"
    },
    "chunk-ZAZBQFOJ": {
      "file": "chunk-ZAZBQFOJ.js"
    },
    "chunk-6EXQV4WU": {
      "file": "chunk-6EXQV4WU.js"
    }
  }
}